Month,teamBlind_Layoffs,r_Layoffs,r_fednews,r_jobs
2022-01,23,0,0,7033
2022-02,39,0,0,6241
2022-03,41,0,0,7510
2022-04,33,0,0,6826
2022-05,82,0,0,6951
2022-06,216,0,0,7115
2022-07,106,0,0,7100
2022-08,150,0,0,7308
2022-09,90,0,0,6534
2022-10,121,0,0,6378
2022-11,869,10,0,5933
2022-12,406,8,0,5331
2023-01,1219,24,0,6689
2023-02,664,26,0,6254
2023-03,659,24,0,6940
2023-04,477,36,0,6421
2023-05,399,48,0,7229
2023-06,223,29,0,6080
2023-07,183,25,0,7830
2023-08,215,45,0,8565
2023-09,179,22,0,7359
2023-10,214,67,0,7668
2023-11,194,100,0,7534
2023-12,112,82,0,7196
2024-01,374,510,0,9931
2024-02,275,642,0,9286
2024-03,113,464,0,9336
2024-04,152,434,0,9416
2024-05,109,496,0,9702
2024-06,81,405,0,9194
2024-07,82,483,0,8472
2024-08,121,616,0,8842
2024-09,124,557,0,8333
2024-10,109,603,0,8366
2024-11,133,483,0,6769
2024-12,110,435,0,6383
2025-01,138,607,8522,8198
2025-02,179,718,23795,8295
2025-03,107,1980,10910,10074
2025-04,98,1257,6146,8782
