Theme,teamblind_count,teamblind_pct,layoffs_count,layoffs_pct,fednews_count,fednews_pct,jobs_count,jobs_pct,overall_pct
Career trajectory,2704.0,29.3307,3552.0,31.607,1405.0,14.05,3250.0,32.5,26.9694
Individual survival strategy,1947.0,21.1194,1063.0,9.459,677.0,6.77,864.0,8.64,11.249
Mass layoff decisions,1781.0,19.3188,NA,NA,NA,NA,NA,NA,4.4022
Post-layoff precarities,1186.0,12.8647,1096.0,9.7526,200.0,2.0,131.0,1.31,6.4587
Emotional response,1113.0,12.0729,2659.0,23.6608,1399.0,13.99,2576.0,25.76,19.1487
Collective resistance,733.0,7.951,795.0,7.0742,1208.0,12.08,59.0,0.59,6.9086
Weaponized system,412.0,4.469,NA,NA,443.0,4.43,NA,NA,2.1134
Algorithmic dehumanization,52.0,0.5641,NA,NA,NA,NA,NA,NA,0.1285
Tiered precarity,36.0,0.3905,NA,NA,NA,NA,NA,NA,0.089
Community and identity,NA,NA,248.0,2.2068,NA,NA,NA,NA,0.613
Weaponizing vulnerability,NA,NA,NA,NA,504.0,5.04,NA,NA,1.2458
Job Search,NA,NA,NA,NA,NA,NA,468.0,4.68,1.1568
Layoff news,NA,NA,NA,NA,NA,NA,74.0,0.74,0.1829
