common_authors,intersection_jobs_fednews,intersection_jobs_layoffs,intersection_fednews_layoffs,intersection_all_files
ihavequestionsaswell,Sea_Car_4309,RGV_KJ,yofi-tofi,lovely_orchid_
Ok_Jackfruit8527,ihavequestionsaswell,Ok_Jackfruit8527,Heidi_PB,HellYeahDamnWrite
Old_Bed_1711,HenryK81,Additional-Size-7141,Old_Bed_1711,GregWilson23
YankeeMcIrish,Exact-Worker7500,YankeeMcIrish,globalgazette,DorethaPolite
globalgazette,kierkieri,InfiniteThing8460,No_Hope3628,Conscious-Quarter423
InfiniteThing8460,D20-SpiceFoxPhilos,AnybodyDifficult1229,NoLimitHoldM,Far_Savings7839
AnybodyDifficult1229,ajimuben85,unnamed297,millsa_acm,millsa_acm
unnamed297,Awkward_Cockroach277,Overall_Mirror5328,Fabulous_Deal_2766,Dry_Argument_581
Overall_Mirror5328,Wolf_for_Short,Unlucky_Pick5993,Delicious_Choice1889,bmich90
Unlucky_Pick5993,Immediate_Sky1802,Professional_Turn928,bmich90,External-Art29
Typical_Muffin_9894,Barnyard-Sheep,Typical_Muffin_9894,Visible_Turnover3952,JesusPleaseSendTacos
AdministrativeAd6509,Langdailyupdates,AdministrativeAd6509,WiseCityStepper,thinkB4WeSpeak
Exact-Worker7500,bubba_lexi,madelinebai,chrondotcom,SheetsResume
kierkieri,No-Stand514,Pure-Vegetable-4863,Appropriate-Cup5378,codeagencyblog
D20-SpiceFoxPhilos,Deep_Block_2776,DG_tech_,Postnews001,Ambitious-Command957
madelinebai,BigFitMama,Profitopia,thinkB4WeSpeak,esporx
Pure-Vegetable-4863,Pluckyplatypus26,FeeWeird5627,SheetsResume,carlanpsg
FeeWeird5627,ShockMonkey2001,vvv03,Amberly7900,Henry_OLoughlin
vvv03,OpinionsRdumb,nosire,LtJesusUCSB,EthanWilliams_TG
nosire,EthanWilliams_TG,Timely_Jelly_5526,academic_partypooper,
ajimuben85,M0ral_Flexibility,JamesHutchisonReal,Efficient-Pin3655,
No_Hope3628,Recent_Release_5670,salaryscript,Ok_General_7132,
Timely_Jelly_5526,Spiritual-Orange8143,Efficient-Return-604,Winter_cat_999392,
salaryscript,Minimum-Big-8411,10pumpsclassic,cannotberushed-,
Awkward_Cockroach277,HellYeahDamnWrite,Fit_Bus9614,EthanWilliams_TG,
Efficient-Return-604,Accomplished-Leg3657,Educational-Trash833,lovely_orchid_,
Wolf_for_Short,SignificantTop211,Ani23454,HellYeahDamnWrite,
Educational-Trash833,climbing_butterfly,dumbest_engineer,GregWilson23,
Gullible-Support-203,Mammoth_Application,Dapper_Silver_7511,ClusterFugazi,
Icy_Ad2884,Hombre-Molecular,pronoialover,yourmomdotbiz,
amazingspineman,savemylife001,jobhunter747,Far_Savings7839,
username_ta_,mxrw,Gullible-Support-203,Dry_Argument_581,
Postnews001,liftedmk7,Icy_Ad2884,External-Art29,
ajacova,Theinquisitor18,ventingacccount,ControlCAD,
Nice-Ferret-3067,undercovershrew,amazingspineman,West-Good-1083,
Intelligent-Crab-285,LoansPayDayOnline,username_ta_,Witty_Introduction38,
ShockMonkey2001,Far_Savings7839,Easy-Tonight-2221,Local-Consumer,
Pluckyplatypus26,justanautisticguy001,ajacova,SnooChickens4752,
michigan_rocks22,LivLafTosterBath,earlgreyyuzu,bruhlmaocmonbro,
daydaylin,ArthurMorgan1284,Chemically_Awake,TheExpressUS,
vent2012,suiteddx2,Nice-Ferret-3067,Holiday_Campaign9141,
cannotberushed-,lukaeber,ScruffyJ3rk,Timsierramist,
Recent_Release_5670,crypto_adventure,Intelligent-Crab-285,DorethaPolite,
Tomkirkman3003,Call_Me_Pigpen,KookyClerk1358,Front-Joke8471,
Minimum-Big-8411,appletreeii,mdphelps,Effective-Art-2145,
Anxious-Slip-8955,Shimi43,michigan_rocks22,MyNamesNotPrada,
Firm_Onion_8907,Creepy_Avocado_5673,daydaylin,Complex_Upstairs_1,
KookyPotato3761,dizzymorningdragon,vent2012,Financial_Clue_2534,
HellYeahDamnWrite,LovelyLushLilac,EthanWilliams_TG,StickyDinosaurWalk,
Accomplished-Leg3657,Edslittleworld,mbappeeeeeeeeeee,JesusPleaseSendTacos,
drakedemon,Froqwasket,CHiggins1235,Defiant-Cut-3037,
pmekonnen,sparklingmint101,Tomkirkman3003,BidenWSB2024,
jirashap,vitality98,kupomu27,Delvin_Mallory13,
BefuddledAardvark,twtwtwtwtwtwtw,Anxious-Slip-8955,Similar-Trout,
SignificantTop211,LEMONSDAD,john510runner,maaaaaadd,
climbing_butterfly,InterestingPie7000,KookyPotato3761,Objective-Patient-37,
SnooShortcuts5718,ladybuglala,BeastfromAzerbaijan1,queenthrowawayttyl,
yourtechstoryblogs,BrownButtPlug,Firm_Onion_8907,Lopsided-Issue-9994,
mhm-mmkay,guy45783,HellYeahDamnWrite,Henry_OLoughlin,
Hombre-Molecular,meridias-beacon,iloveLORDEmore,HugoR2001,
savemylife001,Responsible_Ad6519,Manju_writes,mmetheny77,
mxrw,ta57809,drakedemon,rubygalhappy,
Hot-Calendar2314,stewart0077,pmekonnen,HeyItsYourCoach-1,
pumpernick3l,ih8drivingsomuch,jirashap,sakariona,
ClusterFugazi,miscmomma,rabbita102,D-ckMOSS,
Safe-Perspective-423,amoly101,BefuddledAardvark,kansascitybeacon,
carinless,yeahsotheresthiscat,SnooShortcuts5718,Conscious-Quarter423,
Orome2,lovelife0011,JustANumber999,siegevjorn,
justanautisticguy001,JesusPleaseSendTacos,yourtechstoryblogs,no_name0192,
Less-Confusion9575,cw9241,strongerstark,Suki-Kygo,
gc-h,DetectiveFantastic83,Fun-Programmer8432,Ready-Profile777,
modestino,Necessary-Apricot443,notepaddy,salty_greek,
Expensive_Diet_6990,Embarrassed-Style377,mhm-mmkay,Redditor-1309,
ArthurMorgan1284,tsgatdawn,brave2799,Spiritual-Chart-940,
suiteddx2,digitalmarket081,No_Data6944,0xApurn,
West-Good-1083,Extra-Snow4316,Hot-Calendar2314,codeagencyblog,
rhforever,kindredanime99,odetothefireman,trademarktower,
IncomeInnovators,Binks16,Proud_Eye_207,Ambitious-Command957,
crypto_adventure,Pleasant-Antelope-92,MathematicianKey7465,esporx,
shemeanswelll,keen_observer34130,Contango_4eva,Adorable_Can_5502,
BarneyPool,Friendly-Owl-3272,Environmental_Arm820,carlanpsg,
bouguereaus,FarSet5441,Connect-Mall-1773,Repulsive_Pop4771,
budding_gardener_1,BooJamas,StoneyMalon3y,,
EyeHamHim,xJUN3x,daydreambeliever27,,
michaelscotchtape,jerrymandarin,pumpernick3l,,
Rare_Significance170,Fit_Manufacturer2539,Ron1ncat,,
Illustrious-Day-1524,nbcnews,Safe-Perspective-423,,
Middle-Ant-6104,FotographicFrenchFry,Worldly-Sort1165,,
Creepy_Avocado_5673,Insidious_Force,Far_Savings7839,,
ThetaBlockers,FunnyFox8496,carinless,,
Informal-Property-4,No_Resort_7823,Orome2,,
dizzymorningdragon,East_Sentence_4245,Less-Confusion9575,,
Froqwasket,Klutzy_Beyond_371,gc-h,,
sparklingmint101,YnotThrowAway7,modestino,,
twtwtwtwtwtwtw,kinkgirlwriter,Expensive_Diet_6990,,
LEMONSDAD,dogs0z,LovableButterfly,,
Timsierramist,btokeefe,Dependent-Wafer1372,,
SoftcoreParkour_,turtlewhale42,Emotional_Badger5242,,
donkeyblade,justalunarphase,rhforever,,
ta57809,hexcodehero,Disastrous-Pie5133,,
Ill_Connection564,hygeahome,bertfromcl,,
stewart0077,sarcasmistoofun,IncomeInnovators,,
jmill388,Quetzal_Warrior,Commercial_Dot_7,,
ih8drivingsomuch,Roughneck16,shemeanswelll,,
amoly101,DontWanaReadiT,vandweller5,,
Fancy_Technology_563,SpeedSimple5113,BarneyPool,,
Effective-Art-2145,Icelandia2112,bouguereaus,,
BandicootCumberbund,raniashrdh,Xanman41,,
yeahsotheresthiscat,Arm_chair_gawd,UnscrupulousAlien,,
Complex_Upstairs_1,sourcandybubblegum,budding_gardener_1,,
SangTalksMoney,millsa_acm,EyeHamHim,,
AI-for-Jobs,albertyiphohomei,michaelscotchtape,,
Equal_Dependent_3975,AdHoliday7840,pdox0t0,,
Its_me_12345199,stanerd,Rare_Significance170,,
80era1,SheetsResume,Illustrious-Day-1524,,
boosterpackreveal,Ok-Entertainer982,Advanced_Seesaw_3007,,
tsgatdawn,Master_Jackfruit3591,Middle-Ant-6104,,
roykeane8080,olwynbostic,ThetaBlockers,,
longhorntrades,Hoptlite,Informal-Property-4,,
Inevitable-Mouse9060,iamthedanger11,stanxv,,
Brown33470,ThatOneTunisianKid,JohnBarleyMustDie,,
SubX_UK,savage_613,Aj100rise,,
Lemonn_time,Iswhars,Downtown_Chocolate67,,
Timbo2510,Quiet-Paramedic-9093,t0il3t,,
Extra-Snow4316,OtterSupport,Far_Rise946,,
OfficialFrankNez,Dry_Argument_581,Objective_Reality556,,
kindredanime99,matninjadotnet,Conscious-Desk9957,,
BlueSh4rk,JayBird843,Useful_Paramedic6618,,
Logical_Rope6195,External-Art29,1234443212,,
Coffeegirl0526,commentsection23,espressoBump,,
CareerChakraJobs,Appropriate-Judge956,SoftcoreParkour_,,
shalm12,Craigs1ist,donkeyblade,,
edsonbuddled,RedRaiderRocking,jpark38,,
Correct-Potential941,petricholy,Ill_Connection564,,
SPONTANEOUS-,HairyChestTheThird,Purplecala,,
xEdxNYCx,jdanl89,jmill388,,
alphaK12,Any-Cry-7892,mobiusengineai,,
marvinapplegate1964,JHandey2021,Due_Snow_3302,,
Medium_Ride8056,VisualAnybody32,Fancy_Technology_563,,
Professional_Type967,No_Reach8985,ihadtopickthisname,,
Senior_Millennial,KyleAP13,BandicootCumberbund,,
jerrymandarin,Healthy_Block3036,Western-Succotash165,,
SensitivePhrase4981,Rydawg5143,knight_barb,,
isellwords,bobagirllover,thedinkdonker,,
Fit_Manufacturer2539,swampwiz,CheapBison1861,,
nbcnews,balletgirl2020,Hellstorm5676,,
onyoursidee,gayroma,JesusPleaseSendTacos,,
Luc_LMZ_REZI,Chinaroos,malramirez10,,
Boring-Fuel6714,homemade-fruit-salad,SangTalksMoney,,
porkchopchoo,cari_chan,johnvicente57,,
mililani2,Delicious_Adeptness9,ParticularKris,,
SCexplorer11,scewing,AI-for-Jobs,,
airg1o,CakeDayOrDeath,Its_me_12345199,,
No_Resort_7823,WorthBreath9109,Equal_Dependent_3975,,
cihanna_loveless,knuckboy,PerformanceOk9933,,
YnotThrowAway7,betj67,80era1,,
kinkgirlwriter,rubiporto,be_kind_always_23,,
Wholelottamilka2325,Kuby69,boosterpackreveal,,
dogs0z,ILLEGALFIRING,roykeane8080,,
trademarktower,iiamuntuii,longhorntrades,,
Basic_Goose8604,Ok_Assignment6664,Inevitable-Mouse9060,,
interestingsonnet,NoseRepresentative,Brown33470,,
btokeefe,City_Boys1997,SubX_UK,,
boring_dig27,lavender_photos,Lemonn_time,,
PhotographerUSA,QuackersParty,laced1,,
pumpkinmoonrabbit,AppropriateMarch3769,Timbo2510,,
sarcasmistoofun,Old-Marionberry7000,Such-Cabinet-6831,,
Quetzal_Warrior,ShadowElite86,OwnCarpet9763,,
Roughneck16,Chris40004,OfficialFrankNez,,
Right-Two5379,nonprofitgal,PositiveTradition730,,
SpeedSimple5113,Powerful_Ad_740,Low-Entrepreneur-602,,
Icelandia2112,jmdglss,hyperwatertower,,
raniashrdh,warmbeer_ik,BlueSh4rk,,
Notalabel_4566,pinelands1901,CartridgeCrusader23,,
BumblebeeWinter4014,PlatinumAero,Logical_Rope6195,,
LayOffsSucks69,espresso-martini-pls,Coffeegirl0526,,
Disastrous_Meal5027,briinde,Lateandbehindguy,,
rockingmypartysocks,esporx,CareerChakraJobs,,
sourcandybubblegum,Ok_Increase8742,VividlyDreaming7,,
wutdefukk,carlanpsg,Standard_Match_5889,,
millsa_acm,jpm8288,shalm12,,
ontomyfuture,BuyTheDip_,edsonbuddled,,
behind_on_the_times,Away_Run_2128,Correct-Potential941,,
albertyiphohomei,BruschettiFreddy,trumpfamily2020,,
Fabulous_Time_8932,Nissan5566,SPONTANEOUS-,,
Snoo-64655,vessva11,xEdxNYCx,,
max-power14,weezyjay151,Paras_Chhugani,,
SeaRay_62,Sneezes-on-babies,Ok-Deal-9549,,
Fangarai,BowlerPossible400,lire_avec_plaisir,,
WiseCityStepper,ab183919,MelodicTelevision401,,
AdHoliday7840,GreyhoundsAreFast,marvinapplegate1964,,
shamsher31,No-Worldliness-4740,Number01101,,
stanerd,qishibe,EmbarrassedDrawing98,,
Odd_Team_5548,GoFishOldMaid,alphaK12,,
RelevantClock8883,soullessoptimism,Medium_Ride8056,,
SheetsResume,thinkB4WeSpeak,Professional_Type967,,
olwynbostic,yanicka_hachez,Senior_Millennial,,
painkillerweather,squd_,Ill-Response2376,,
overallfisher2,Marv_Shady,sonofalando,,
Senior-Payment-4264,InitialMouse4895,SensitivePhrase4981,,
Vivid_Researcher_104,ScratchLongjumping,isellwords,,
Efficient-Pin3655,GregWilson23,ThirstyCoffeeHunter,,
PutNo9389,Pettingallthepups,kingj-2830,,
Refov,eastcoastleftist,TP71899,,
esswa,notthisagain0088,FIREisthegoalforsam,,
OctoberEndings,Vika2305,aikadaji,,
JourneysUnleashed,Gracesette,onyoursidee,,
SalamanderCongress,Serendipityyy,Luc_LMZ_REZI,,
chuckecheese1993,throwaway19931251,crannynorth,,
29PiecesOfSilver,PhineasQuimby,Boring-Fuel6714,,
joe4942,UnluckyWriting,porkchopchoo,,
Quiet-Paramedic-9093,SpecialistAd7211,mililani2,,
Scarlet-Ivy,Rkhand,coldwater113,,
_bass_cat_,Lonely-Law9924,SkySudden7320,,
dxsrosier,Consistent-Pain-1290,SCexplorer11,,
FunneyBonez,Coastal_Goals,aurelitobuendia87,,
ghost_sanctum,ZestyPyramidScheme,airg1o,,
Select_Valuable_3162,G0atBuddy,Clear-Aside-3342,,
Brinley-berry,No_Radio_5751,Glass-Weekend-6987,,
unhumancondition,Woodden-Floor,Pale-Swordfish-3714,,
Double-Oven5007,kendall1287,enigma_goth,,
Im_TryingMyBest_,Sufficient-Camera335,Krillavilla,,
Jpoolman25,Seve_112,Fantastic-Tax-9632,,
Devils_negotiator,IcyChampion9750,Far-Assist-8110,,
WannabeAuthor125,Original-Age-565,cihanna_loveless,,
pekan84,positronflux,No-Definition-2886,,
saraannekay,Far-Percentage8434,Wholelottamilka2325,,
matninjadotnet,Realistic-Plant3957,CatholicRevert,,
JayBird843,bettyburritos,Basic_Goose8604,,
vgunji,TheBaa200,interestingsonnet,,
External-Art29,Kevin-W,Puzzleheaded_Way525,,
YellowPowerful1174,cappy267,boring_dig27,,
commentsection23,CaseOdd9862,PhotographerUSA,,
coo1lime,moez1266,Icy_Painting4915,,
RedRaiderRocking,fed-throwaway69420,pumpkinmoonrabbit,,
petricholy,Brown1004,Moist-Dance-1797,,
Lock3tteDown,Dark-Marc,Fluffy-Match9676,,
yahoox9,cb-1090,Right-Two5379,,
ConsistentAd9804,_Username_goes_heree,Sure-March-2994,,
txwylde,UniqueUnseen,origutamos,,
HairyChestTheThird,Physical-Positive-16,MudVisual1054,,
jdanl89,FoxEducational3951,Notalabel_4566,,
Away_Week576,noori_nutt,nearbyrat,,
Pure_Zucchini_Rage,Conscious-Quarter423,BumblebeeWinter4014,,
VisualAnybody32,DonkeyKickBalls,LayOffsSucks69,,
Zealousideal_Film_86,CapitalDot6858,Disastrous_Meal5027,,
sharknado523,zoozoo216,rockingmypartysocks,,
JMJ1017,External_Aioli_6104,Gloomy-Tear3149,,
No_Reach8985,marybowes,Winkinsburst,,
Successful_Boat8025,go4bestDeals,wutdefukk,,
lawyahz7,Snoo-74078,jbartlet827,,
Able-Lifeguard-6333,Ok-Lavishness-8711,millsa_acm,,
SlothLover313,Creepy-Lemon-7562,ExistingSelection151,,
HallyTossis,woodworks1234,ontomyfuture,,
Proof_Loquat5585,Sea_Republic_856,ZeusTroanDetected,,
gempdx67,LogansBeastmaster,behind_on_the_times,,
Grape-Hornet,Musicislife21_,Basic_Bird_8843,,
encode2024,WhereztheBleepnLight,Eliashuer,,
KyleAP13,DaPurpleRT,Fabulous_Time_8932,,
Healthy_Block3036,GameOver7000,Feeling_Occasion_765,,
Rydawg5143,Economy_Swim_8585,Snoo-64655,,
Proud-Pie-2731,Informal-Fig-7116,ThrowRALaidoffhelp1,,
Logical_Tonight8739,Waste-Toe3653,max-power14,,
smahey,MyJobflow,SeaRay_62,,
SillyRecover,Space_Cadet9654,National-Coast-6381,,
Ecstatic_Love4691,Optimal-Paper2881,Dizzy_Estimate_1171,,
balletgirl2020,interested0582,CloudWhizard,,
gayroma,draperf,BFA_Artist,,
Siyoneyo,lotteryticketwon,__Hold_My_Poodle__,,
Lucky_Piccolo6393,RoleLanky8376,Fangarai,,
dirtymonkey66,Upper_Choice_5913,shamsher31,,
Dtechguy001,CodAlternative3437,Odd_Team_5548,,
mnancy56,ForensicGuy666,muffboye,,
Unlucky-Gur-7568,bmich90,RelevantClock8883,,
brianfagioli,AutoModerator,typicalwarrior27,,
Senior_Suit_4451,Schwaby49,RinNyurii,,
Swarmoro,Wise-Guard1720,Adventurous_Air_2546,,
homemade-fruit-salad,Ok-Acanthaceae-1245,SheetsResume,,
booksrus17,Rural-Camphost,painkillerweather,,
BinSlashCat,mtbfreerider182,overallfisher2,,
tochangetheprophecy,Smooth-Demand2701,Senior-Payment-4264,,
R-EmoteJobs,maxxor6868,Vivid_Researcher_104,,
Necessary_Ad_1877,macman07,Career-4-dummies,,
manmountain123,LJ10ak11,DowntownSunsets,,
burntmuffin343,lovely_orchid_,tennisfan0504,,
WorthBreath9109,FEdart,TheMuse-CoachConnect,,
omnisheep1991,Master_Magazine_9882,PutNo9389,,
xtraliciousssx,Future-Sort-1387,ninedays82,,
anonymouspsy,Agitated_Pudding7259,Refov,,
AtticusAesop,music4life6661,eternallostcause,,
BlitzOrion,Reasonable-Put6503,OctoberEndings,,
betj67,Nice_Bluejay,Questioner4lyfe2020,,
Kuby69,Little-Apple-8199,JourneysUnleashed,,
RizVN,rcmaehl,esswa,,
Lopsided-Issue-9994,Available_Witness_69,No-Professional-1092,,
Rilly_d0e,rpaul9578,RstarPhoneix,,
burritoburrito_,Belgriest,SalamanderCongress,,
Easy-Job3814,Nic727,DiversifyMN,,
enginear_engifar,Zippered_Nana,chuckecheese1993,,
Questionasker0517,No-Blood4503,fan1983,,
rubygalhappy,UpbeatBarracuda,29PiecesOfSilver,,
Appropriate_Cry_885,Content-Grape47,joe4942,,
StrikeOutrageous3198,Impossible_Tie_5578,Individual-Wolf-9825,,
AdGloomy120,marcusesses,Scarlet-Ivy,,
AppropriateMarch3769,-slaps-username-,_bass_cat_,,
HeyItsYourCoach-1,kloroxforkids88,dxsrosier,,
Valuable_Bad_2786,Dreaa_H,balesw,,
Conscious_Emu_7075,Apprehensive-Sand628,FunneyBonez,,
Things-i-see,CHEAHAEHC,ghost_sanctum,,
ShadowElite86,QueenbyHearts,National-Ad8416,,
Globe-Wire,Midnightchickover,Select_Valuable_3162,,
SuperGalaxies,suchdogetothemoon,Brinley-berry,,
D-ckMOSS,Unicorn0821,MartiniBrodeur,,
NationalMany7086,Alive_Pear1246,unhumancondition,,
FunPrize1427,baal-beelzebub,acroman10,,
spriteking2012,toss_my_potatoes,Double-Oven5007,,
TerrifiedQueen,Stonato85,Im_TryingMyBest_,,
nonprofitgal,Elias691,Jpoolman25,,
Cooked-Turkey-1971,studmuffffffin,Devils_negotiator,,
no_name0192,DorethaPolite,Jobsolv_RemoteJobs,,
unknownthrowaway250,sufinomo,WannabeAuthor125,,
SEMMPF,bosgal90,manny3118,,
sdkreddit98,kitkatterroo,pekan84,,
warmbeer_ik,kadiez,Great_Profit_9770,,
pinelands1901,Alliterative_Andrew,saraannekay,,
Background_Theory,Particular-Kiwi5292,Dry_Argument_581,,
PlatinumAero,ofmonstersandmoops,sickntiredoffbs,,
espresso-martini-pls,LetsGetPhisycal,Introvertedcheesie,,
Icy_Outcome_1996,mzjolynecujoh,Bio8807,,
No_Instance1588,Henry_OLoughlin,Away_Pay_536,,
LivingTheTruths,Emergency_Wear_4371,vgunji,,
Wild_Research9160,SpiritedCandle9060,YellowPowerful1174,,
Galaxy-Surfing,forever-18,External-Art29,,
majoraswhore,SeaRestaurant6519,9eo9raph,,
FeistyTicket7556,Cablab123,Latter-Put3896,,
briinde,fighterpilot248,AdventAnima,,
Historical_Teach9525,theworkeragency,plankingatavigil,,
No-Security4015,LostInTheSpheres,Alternative_Gap_5062,,
Ok_Increase8742,Overthetrees8,coonick,,
Agile_Development395,Scandinavianbeibe,coo1lime,,
_chomolungma_,Jyone21,totemp0le,,
jpm8288,AudienceVarious3964,Lock3tteDown,,
Repulsive_Pop4771,Plastic_Amount_7660,yahoox9,,
Away_Run_2128,In_Lymbo,throwaway80582737,,
Possible-Summer5442,Terrible-Pride2307,Specific_egartistic,,
Internal_Low_6181,Pathfinder0201,purplegeod,,
moshiyoshi0,govabee,jamro05,,
BruschettiFreddy,BeachesAreOverrated,ConsistentAd9804,,
Nissan5566,codeagencyblog,txwylde,,
weezyjay151,Delicious-Resort-134,Shisui_Uchiha315,,
Few_Argument4663,Ambitious-Command957,Away_Week576,,
RainbowRailed,Ok-Doughnut-6602,Reddit22549,,
KermieKona,Majestic_Search_7851,the-moon-changes,,
CrazyGal2121,,Pure_Zucchini_Rage,,
fake-august,,WolverineAsleep1765,,
Sneezes-on-babies,,workersright,,
Embarrassed-Lion3251,,TruNorth556,,
EpicShadows8,,Zealousideal_Film_86,,
CUDAcores89,,RonBourbondi,,
berkserbet,,sharknado523,,
Sea-Rough-5874,,JMJ1017,,
GreyhoundsAreFast,,Additional_Jelly_817,,
Fabulous_Deal_2766,,thermalblac,,
No-Worldliness-4740,,AddyArt10,,
Commercial-Nebula-50,,Winter_Concert_4367,,
Decaposaurus,,luvpillows,,
No_Actuator_7706,,lawyahz7,,
MonsterSeducer96,,Crazy_Negotiation_24,,
wagonboy69,,Trentwool,,
Icedcoffeewarrior,,SlothLover313,,
Efficient_Force_8110,,Successful_Boat8025,,
Top_Proof_2786,,Glad-Path-662,,
GoFishOldMaid,,Able-Lifeguard-6333,,
soullessoptimism,,HallyTossis,,
yay4tcu,,Acrobatic-Elk-9244,,
Educational_Coach269,,Proof_Loquat5585,,
Evening-Flower4089,,nsfwsideacc101,,
TankTough6609,,gempdx67,,
burntout_apple,,Grape-Hornet,,
OldMachine3026,,a_day_with_dave,,
academic_partypooper,,ans97,,
yanicka_hachez,,FriskeCrisps,,
bigDogNJ23,,Agreeable-Tone-8337,,
innovatekit,,encode2024,,
bloomberg,,Mysterious_Plate1296,,
Mizandilion,,ConstructionThick205,,
Marv_Shady,,Proud-Pie-2731,,
Extreme-Notice7560,,Logical_Tonight8739,,
Ok-Village3436,,smahey,,
nobody-important-1,,Expert-Calendar6362,,
Fluffy-Construction5,,SillyRecover,,
StartledSquirtle,,Mysterious_Name_408,,
ConfuzzledPugs,,Ecstatic_Love4691,,
paullyd2112,,bootybuddah,,
Artistic-Volume9538,,Quirky-Till-410,,
CryptographerNew7375,,Siyoneyo,,
Pastel_Client_9670,,stevemdk,,
Level_Impress_1861,,Iwantmoretime,,
Responsible-Owl9687,,Lucky_Piccolo6393,,
introvertedlibra123,,sugafish,,
Pettingallthepups,,alisoncarey,,
eastcoastleftist,,dirtymonkey66,,
egusa,,Dtechguy001,,
Safe_Balance_5401,,mnancy56,,
Bigboysultan,,Unlucky-Gur-7568,,
Beautiful_Mix4883,,brianfagioli,,
HeftyHomework6936,,Senior_Suit_4451,,
throwaway09251975,,Swarmoro,,
jjfedj,,Local_Yogurtcloset82,,
Gracesette,,Kitchen-Time207,,
jnn117,,Puzzleheaded_Long_57,,
Mean_Kaleidoscope_29,,booksrus17,,
throwaway19931251,,Bejaeler,,
Gggvvvvggtggg,,tochangetheprophecy,,
sailmoonboat,,SaintPatrickMahomes,,
patrickcarrot,,BinSlashCat,,
urfaselol,,ADemonsAngel,,
dialbox,,R-EmoteJobs,,
Monkmode28,,Necessary_Ad_1877,,
OlympicAnalEater,,manmountain123,,
Extreme_Data7501,,burntmuffin343,,
EcneBanjo,,pur3extrme,,
ZadarskiDrake,,omnisheep1991,,
itaukeimushroom,,Volcano467,,
crybabyniya,,Reverie-AI,,
ZestyPyramidScheme,,Temporary-Ice-9184,,
G0atBuddy,,xtahse,,
Appropriate-Bonus553,,anonymouspsy,,
Aviator_0504,,xtraliciousssx,,
Repulsive-Sundae8134,,AtticusAesop,,
kincaidDev,,Puzzleheaded_Noise44,,
outdooradventurez99,,BleepBloopBleep1234,,
IagoInTheLight,,BlitzOrion,,
bitsy_bytes_,,Bubbly_Surround_3637,,
bayopa,,ljabo313,,
MHX311,,Atkena2578,,
Odd-Weird-5273,,RizVN,,
positronflux,,Rilly_d0e,,
throwawayz8383,,burritoburrito_,,
Lifecoach_411,,catsuramen,,
Available-Ad-5670,,Easy-Job3814,,
chubbychombeh,,webbs3,,
Princester-Vibe,,enginear_engifar,,
MassiveSympathy6723,,Questionasker0517,,
Fantastic-Problem562,,Thund3rHors3,,
seraphimornot,,appliepie99,,
Enough-Occasion-3810,,Appropriate_Cry_885,,
throwaway-rhombus,,binghamjasper,,
falsefreedom6509,,StrikeOutrageous3198,,
just_wandering1,,AdGloomy120,,
Delvin_Mallory13,,Gold-Temporary-3560,,
Realistic-Plant3957,,RdtRanger6969,,
bettyburritos,,whozzyurDaddy111,,
TheDarkKnight2001,,DarthBanEvader42069,,
TheBaa200,,aseolith,,
benhereforawhile,,Valuable_Bad_2786,,
Ok-Entrance7983,,Conscious_Emu_7075,,
moez1266,,Things-i-see,,
Dark-Marc,,Globe-Wire,,
BuyHigh_S3llLow,,bozoclownputer,,
Footboler,,LeagueAggravating595,,
seeusoong,,SuperGalaxies,,
_Username_goes_heree,,NationalMany7086,,
unlikelycandidates,,Snowing678,,
chromium50,,FunPrize1427,,
UniqueUnseen,,spriteking2012,,
atravelingmuse,,TerrifiedQueen,,
Conscious-Quarter423,,sugarintheboots,,
RudeCar4947,,Cooked-Turkey-1971,,
Excellent_Sport_5921,,unknownthrowaway250,,
DonkeyKickBalls,,ChezussCrust,,
PowerfulAd5527,,LyraTheArtist,,
CapitalDot6858,,Repulsive_Dust8691,,
Front-Possession-644,,SEMMPF,,
Devmoi,,sdkreddit98,,
zoozoo216,,Much_Bluejay_828,,
Murky-Abroad9904,,Important-Grocery710,,
noobxd000,,Background_Theory,,
Tiny_Ad_3650,,thurd3y3,,
97vyy,,Icy_Outcome_1996,,
badboyzpwns,,No_Instance1588,,
Funemployment629,,WoolenJester,,
memyselfandi1987,,Double-Dot8975,,
Neither-Concept-3903,,LivingTheTruths,,
Ready-Profile777,,Wild_Research9160,,
Hippocampus20,,Any-Examination4695,,
Snoo-74078,,Galaxy-Surfing,,
Creepy-Lemon-7562,,majoraswhore,,
theworstthreatactor,,FeistyTicket7556,,
Electronic_Mind9464,,Bubbly_Ad8170,,
Then-Edge405,,Historical_Teach9525,,
woodworks1234,,MaxrkCaxt,,
Opening_Chapter_1188,,No-Security4015,,
thatimmi,,Candid_Hair_5388,,
WhereztheBleepnLight,,emilijaj,,
xshingox,,esporx,,
chickenwingsnfries,,Practical-Ghost,,
Heidi_PB,,carlanpsg,,
coding_for_lyf,,Agile_Development395,,
Bobby_Luv,,_chomolungma_,,
Economy_Swim_8585,,Writing_Legal,,
hockeymanbl,,CatieMacHogan,,
Friendly_Sea8570,,Possible-Summer5442,,
Informal-Fig-7116,,Internal_Low_6181,,
jdcpe17,,moshiyoshi0,,
No_Squash_2227,,Better_Victory5721,,
ActualConfection1932,,Grand_Sprinkles_1792,,
InlineSkateAdventure,,yanks09champs,,
Successful-Yellow133,,Kindly-Culture-9987,,
AffectionateBoat382,,Few_Argument4663,,
walkingdeer,,RainbowRailed,,
Space_Cadet9654,,KermieKona,,
East_Fox_7466,,CrazyGal2121,,
sks8100,,Willing-Paper-4987,,
Familiar_Emphasis717,,fake-august,,
Any_Commercial831,,Fabulous_Sherbet_431,,
draperf,,Embarrassed-Lion3251,,
Legaliznuclearbombs,,AnyTechnology100,,
Engineering-Natural,,EpicShadows8,,
Upper_Choice_5913,,CUDAcores89,,
iiooyre,,berkserbet,,
benaissa-4587,,SyrupPutrid6312,,
CodAlternative3437,,ScarletBrando,,
Conscious-Mine-428,,4everwhatevergender,,
Complex_Ad_5027,,Sea-Rough-5874,,
leviosah,,Lonely_Reserve_188,,
Socks797,,brooklynlad,,
AfraidChocolate370,,drinkrhythm,,
Itendstonight87,,Commercial-Nebula-50,,
MuffinsandCoffee2024,,Nasha210,,
jughead24,,Decaposaurus,,
Professional_Fold520,,No_Actuator_7706,,
mtbfreerider182,,Mobile-Mountain8651,,
Smooth-Demand2701,,MonsterSeducer96,,
dudestfup,,mxg1984,,
Winter_cat_999392,,wagonboy69,,
macman07,,Icedcoffeewarrior,,
2023startofanewme,,Efficient_Force_8110,,
HonestImprovement934,,CommunicationLong380,,
FEdart,,Due-Musician-4460,,
nmarie100590,,mkuraja,,
rcsfit,,Top_Proof_2786,,
hireweel,,yay4tcu,,
Radiant-Positive-582,,Educational_Coach269,,
spiritballz69,,thinkB4WeSpeak,,
seekingadvice35,,Evening-Flower4089,,
Future-Sort-1387,,TankTough6609,,
Aint_cha_momma,,burntout_apple,,
ShyLeoGing,,OldMachine3026,,
initialsareabc,,jerzey4life,,
Shot_Ball_2699,,bigDogNJ23,,
Reasonable-Put6503,,kromestatus,,
Vortexile,,Due-Background-6084,,
maya_durairaj,,innovatekit,,
Little-Apple-8199,,bloomberg,,
june_july_aug,,WeCameAsMuffins,,
Available_Witness_69,,throwaway_ghost_122,,
Glittering-Demand890,,Rude-Paper2845,,
SagatRiu,,Anxious-Care-8870,,
Nic727,,Mizandilion,,
beautyfreak04,,Dabasacka43,,
Diracondaa,,Extreme-Notice7560,,
Zippered_Nana,,Ok-Village3436,,
CardiologistPrior706,,Mave__Dustaine,,
InterviewBuddies,,nobody-important-1,,
No-Blood4503,,Fluffy-Construction5,,
UpbeatBarracuda,,TardisTraveller24,,
Impossible_Tie_5578,,StartledSquirtle,,
SoulKingTrex,,Minnbrownbear,,
MiserablePublic18,,North-Dragonfruit504,,
-slaps-username-,,cuteee2shoes,,
Glass_Animal_2714,,ConfuzzledPugs,,
Dreaa_H,,NeonFroggy_,,
cafn8me24,,Fragrant-Scar-5256,,
No_Foundation3175,,paullyd2112,,
thisisrakesh,,Artistic-Volume9538,,
CHEAHAEHC,,GregWilson23,,
LaborTheoryofValue,,gneissrocx,,
QueenbyHearts,,CryptographerNew7375,,
mikedtwenty,,isntlifeapeach,,
bruhlmaocmonbro,,Quarter_Lifer,,
suchdogetothemoon,,Pastel_Client_9670,,
Unicorn0821,,Level_Impress_1861,,
Tiraloparatras25,,Recent_Trifle_8159,,
NYpoker666,,Responsible-Owl9687,,
TheExpressUS,,introvertedlibra123,,
ImNotABot26,,actaexcellent,,
_-jai_-,,egusa,,
RepairShoddy2671,,DirtyPerty,,
baal-beelzebub,,Safe_Balance_5401,,
toss_my_potatoes,,Lemonade2250,,
Stonato85,,Bigboysultan,,
studmuffffffin,,Ok_Echidna_4175,,
DorethaPolite,,Beautiful_Mix4883,,
TechThrowaway1532,,HeftyHomework6936,,
massapeal79,,throwaway09251975,,
Front-Joke8471,,jjfedj,,
bosgal90,,mlepnotized,,
Loose_Willingness232,,jnn117,,
brianstoolshed,,Mean_Kaleidoscope_29,,
ewmripley,,littleperfectionism,,
Mysterious_Grape5777,,LazySea4693,,
casanova0874,,Gggvvvvggtggg,,
Nice_Aardvark1233,,sailmoonboat,,
kitkatterroo,,Thranduil-9,,
texanshouston,,patrickcarrot,,
AmazingSibylle,,urfaselol,,
Austin1975,,dialbox,,
KeyCalifornia949,,Monkmode28,,
Notanoth3rusername,,Few-Ad-5185,,
myeasyking,,Kaatsh_mobile,,
AdmirableHope5090,,Agreeable-Object-439,,
Hoomehrkz,,OlympicAnalEater,,
wasnotherewas,,stephg78240,,
lightsource2,,so_sheek,,
SnooWoofers7510,,Extreme_Data7501,,
I_hate_my_userid,,Time-Concentrate845,,
mzjolynecujoh,,SirTardOfRe,,
RoomTemperatureIQMan,,EcneBanjo,,
fantamaso,,ZadarskiDrake,,
AggressiveWasabi7783,,Peterhook13,,
Emergency_Wear_4371,,itaukeimushroom,,
Secure-Perception-89,,darah12,,
queenthrowawayttyl,,crybabyniya,,
SeparateSpend1542,,Wheream_I,,
ugr8,,Appropriate-Bonus553,,
SpiritedCandle9060,,Aviator_0504,,
Valuable_Radio4153,,True_Helicopter9024,,
forever-18,,Huge_Manner7382,,
mmetheny77,,Repulsive-Sundae8134,,
Tall_Explanation_393,,ZiRoRi,,
Dfiggsmeister,,Fruit-Life,,
SebPineda23,,HappyEveryAllDay,,
Majestic-Storm-9404,,Main_Statistician681,,
Brichfield,,kincaidDev,,
LopsidedDataCat,,outdooradventurez99,,
Cablab123,,IagoInTheLight,,
sushiandcocktails,,bitsy_bytes_,,
fighterpilot248,,-SpaghettiCat-,,
maedoc_alastrine,,bayopa,,
Groove_Mountains,,MHX311,,
yougotlaidoff,,ShameFlat2690,,
Cutiekitty101,,Odd-Weird-5273,,
viclin92,,IceNiqqa,,
Mental-Concert8608,,throwawayz8383,,
Visible_Voice_8131,,JiantaoFu,,
Basic_Shoulder_8879,,Lifecoach_411,,
Strange-Assistant-32,,Available-Ad-5670,,
opwise,,chubbychombeh,,
UtopiaNation,,Princester-Vibe,,
MVickDeadDogs,,iiPharaoh,,
jojoandthesprites,,MassiveSympathy6723,,
LetsTacoBoutScience,,No_Shower_1272,,
ManyBookkeeper7982,,we-could-be-heros,,
eplate2,,MeasurementNo652,,
November_Rayne,,kiwi1325,,
In_Lymbo,,Fantastic-Problem562,,
Equal_Deer_6802,,throwaway-rhombus,,
mommababy,,falsefreedom6509,,
Spirited_Equipment_2,,destroyerodin,,
Advanced_Half7617,,just_wandering1,,
epicap232,,seraphimornot,,
GreenDreams89,,Enough-Occasion-3810,,
interwebzzz,,travelhunter00,,
Character-Many-5562,,Snarnsjfhro,,
Redditor-1309,,wtf_over1,,
DontDoItBob,,TheDarkKnight2001,,
hello010101,,benhereforawhile,,
Pathfinder0201,,TyreeThaGod,,
MaterialPeace6301,,Ok-Entrance7983,,
xCrashReboot,,throwawaytransssssss,,
ZealousidealMonk6316,,Separate-Lime5246,,
Early-Effort-459,,trensetter1,,
codeagencyblog,,Responsible_Wealth92,,
shumaishrimp,,BuyHigh_S3llLow,,
Shemitz,,Footboler,,
total_cornerstone,,Complete_Cup1533,,
Sea_Car_4309,,Broad-Hunter-5044,,
RGV_KJ,,SockNo8917,,
Additional-Size-7141,,seeusoong,,
Professional_Turn928,,rohitgupta010,,
HenryK81,,coldcoffeeholic,,
DG_tech_,,Immediate-Peanut-346,,
Profitopia,,unlikelycandidates,,
JamesHutchisonReal,,chromium50,,
NoLimitHoldM,,atravelingmuse,,
10pumpsclassic,,HereWe_GoAgain__,,
Fit_Bus9614,,Conscious-Quarter423,,
Ani23454,,RudeCar4947,,
Delicious_Choice1889,,Senior_Log1930,,
Immediate_Sky1802,,Excellent_Sport_5921,,
Barnyard-Sheep,,Beneficial-Ad-497,,
dumbest_engineer,,PowerfulAd5527,,
Dapper_Silver_7511,,TechnicianTypical600,,
pronoialover,,Front-Possession-644,,
Visible_Turnover3952,,Devmoi,,
jobhunter747,,Intelligent-Cat7242,,
Langdailyupdates,,Murky-Abroad9904,,
ventingacccount,,noobxd000,,
Easy-Tonight-2221,,Tiny_Ad_3650,,
earlgreyyuzu,,Responsible-Pea3699,,
Chemically_Awake,,afantazy2,,
bubba_lexi,,97vyy,,
Amberly7900,,badboyzpwns,,
ScruffyJ3rk,,Funemployment629,,
No-Stand514,,CalStateQuarantine,,
KookyClerk1358,,Neither-Concept-3903,,
Deep_Block_2776,,memyselfandi1987,,
BigFitMama,,pavemypathwithbones,,
mdphelps,,Difficult_Box5009,,
LtJesusUCSB,,jalbo13,,
OpinionsRdumb,,Hippocampus20,,
EthanWilliams_TG,,YoDJPumpThisParty,,
M0ral_Flexibility,,colerncandy,,
mbappeeeeeeeeeee,,theworstthreatactor,,
Spiritual-Orange8143,,Electronic_Mind9464,,
CHiggins1235,,jeanxcobar,,
kupomu27,,Then-Edge405,,
john510runner,,Dizzy_Masterpiece886,,
BeastfromAzerbaijan1,,TheWallStreet_AI,,
iloveLORDEmore,,throwaway534345435,,
Manju_writes,,Opening_Chapter_1188,,
rabbita102,,Valdair,,
JustANumber999,,thatimmi,,
Fun-Programmer8432,,Fluffy-Echo8586,,
strongerstark,,sgdxb_million,,
Mammoth_Application,,xshingox,,
notepaddy,,chickenwingsnfries,,
brave2799,,coding_for_lyf,,
No_Data6944,,Bobby_Luv,,
liftedmk7,,Heavy_Can_6962,,
odetothefireman,,Repulsive-Gap3399,,
Proud_Eye_207,,LandMermaid17,,
MathematicianKey7465,,hockeymanbl,,
Contango_4eva,,nciscokid,,
Environmental_Arm820,,Friendly_Sea8570,,
Theinquisitor18,,WillingnessFeisty374,,
Connect-Mall-1773,,jdcpe17,,
StoneyMalon3y,,Safe-Beautiful6122,,
daydreambeliever27,,edi1801,,
undercovershrew,,No_Squash_2227,,
Ron1ncat,,InternationalTie5585,,
LoansPayDayOnline,,InlineSkateAdventure,,
Worldly-Sort1165,,Successful-Yellow133,,
Far_Savings7839,,AffectionateBoat382,,
LivLafTosterBath,,Basic85,,
LovableButterfly,,ActualConfection1932,,
Dependent-Wafer1372,,walkingdeer,,
Emotional_Badger5242,,letsgetshwifty11,,
lukaeber,,Ambitious_Key1124,,
Disastrous-Pie5133,,East_Fox_7466,,
bertfromcl,,sks8100,,
Call_Me_Pigpen,,Young_Hustlers,,
Commercial_Dot_7,,Familiar_Emphasis717,,
appletreeii,,Any_Commercial831,,
Shimi43,,alfredochickenpasta,,
vandweller5,,ExplanationDazzling1,,
Xanman41,,Limp_Long8973,,
UnscrupulousAlien,,SnooCupcakes4908,,
pdox0t0,,Brave-Put-6572,,
Advanced_Seesaw_3007,,Engineering-Natural,,
stanxv,,Legaliznuclearbombs,,
JohnBarleyMustDie,,Aggravating-Bike-397,,
SnooChickens4752,,Realistic_Post_7511,,
LovelyLushLilac,,iiooyre,,
Aj100rise,,benaissa-4587,,
Downtown_Chocolate67,,vag_pics_welcomed,,
Edslittleworld,,holihai,,
t0il3t,,Positive-Material,,
Far_Rise946,,bmich90,,
Objective_Reality556,,Boring_Pineapple_288,,
vitality98,,Conscious-Mine-428,,
Conscious-Desk9957,,Complex_Ad_5027,,
BrownButtPlug,,leviosah,,
InterestingPie7000,,TelevisionFormal1739,,
ladybuglala,,Zealousideal-Cow6626,,
Useful_Paramedic6618,,Socks797,,
1234443212,,AfraidChocolate370,,
espressoBump,,JustAposter4567,,
guy45783,,Itendstonight87,,
meridias-beacon,,vinaylovestotravel,,
Responsible_Ad6519,,MuffinsandCoffee2024,,
jpark38,,Organic_Primary_4521,,
Purplecala,,BlogsDogsClogsBih,,
miscmomma,,jughead24,,
mobiusengineai,,brosophila,,
Due_Snow_3302,,Professional_Fold520,,
ihadtopickthisname,,dudestfup,,
Western-Succotash165,,itsthewolfe,,
knight_barb,,pylangzu,,
Financial_Clue_2534,,gymfreakk,,
thedinkdonker,,2023startofanewme,,
CheapBison1861,,Appropriate-Art-9712,,
lovelife0011,,Front-Meat-1001,,
JesusPleaseSendTacos,,lovely_orchid_,,
Hellstorm5676,,HonestImprovement934,,
cw9241,,Akashh23_pop,,
malramirez10,,nmarie100590,,
johnvicente57,,rcsfit,,
ParticularKris,,hireweel,,
DetectiveFantastic83,,Radiant-Positive-582,,
PerformanceOk9933,,spiritballz69,,
Necessary-Apricot443,,seekingadvice35,,
be_kind_always_23,,Canyoubeliezeit,,
Embarrassed-Style377,,Aint_cha_momma,,
digitalmarket081,,ShyLeoGing,,
laced1,,Lilacjasmines24,,
Such-Cabinet-6831,,Remarkable_Victory51,,
OwnCarpet9763,,initialsareabc,,
PositiveTradition730,,BennyOcean,,
maaaaaadd,,AlarmSuccessful7871,,
Low-Entrepreneur-602,,Competitive_Tale2921,,
hyperwatertower,,Shot_Ball_2699,,
Binks16,,DisastrousBar7,,
Pleasant-Antelope-92,,Vortexile,,
CartridgeCrusader23,,DatingAdviceGiver101,,
Lateandbehindguy,,nikonista,,
VividlyDreaming7,,Embarrassed-Knee-642,,
Standard_Match_5889,,IndustryNext7456,,
keen_observer34130,,maya_durairaj,,
Friendly-Owl-3272,,QualityOverQuant,,
trumpfamily2020,,Acceptable-Form3810,,
Paras_Chhugani,,Unlucky_Pin7985,,
Ok-Deal-9549,,june_july_aug,,
lire_avec_plaisir,,Glittering-Demand890,,
MelodicTelevision401,,SagatRiu,,
FarSet5441,,arkspiceoriginal,,
Number01101,,Disastrous-Room-6441,,
EmbarrassedDrawing98,,Correct-Rent-6609,,
BooJamas,,beautyfreak04,,
xJUN3x,,Diracondaa,,
kansascitybeacon,,red_-eagle,,
Ill-Response2376,,True_Supermarket_263,,
sonofalando,,CardiologistPrior706,,
ThirstyCoffeeHunter,,InterviewBuddies,,
kingj-2830,,Traveling_Rat_6543,,
TP71899,,AccidentialTechie,,
FIREisthegoalforsam,,SoulKingTrex,,
aikadaji,,MiserablePublic18,,
crannynorth,,Holiday_Session_8317,,
FotographicFrenchFry,,Glass_Animal_2714,,
Insidious_Force,,cafn8me24,,
SkySudden7320,,More_Kaleidoscope475,,
coldwater113,,No_Foundation3175,,
FunnyFox8496,,Grouchy-Leather371,,
Clear-Aside-3342,,FemAndFit,,
enigma_goth,,thisisrakesh,,
aurelitobuendia87,,Goldengal124,,
Glass-Weekend-6987,,grenz1,,
Pale-Swordfish-3714,,LaborTheoryofValue,,
Krillavilla,,the__bakeshow,,
Fantastic-Tax-9632,,mikedtwenty,,
Far-Assist-8110,,Lucky_Meringue2753,,
East_Sentence_4245,,INOP_ai,,
Klutzy_Beyond_371,,Tiraloparatras25,,
0xApurn,,NYpoker666,,
No-Definition-2886,,copper678,,
Adorable_Can_5502,,ImNotABot26,,
CatholicRevert,,_-jai_-,,
Puzzleheaded_Way525,,RepairShoddy2671,,
turtlewhale42,,strangestkiss,,
justalunarphase,,DorethaPolite,,
yofi-tofi,,leventask,,
Icy_Painting4915,,Mozfel,,
Moist-Dance-1797,,TechThrowaway1532,,
hexcodehero,,SheepyTLDR,,
hygeahome,,massapeal79,,
Fluffy-Match9676,,Wonderful_Cry_8401,,
DontWanaReadiT,,imjusthereforPMstuff,,
Sure-March-2994,,Different-Cup5442,,
origutamos,,Loose_Willingness232,,
MudVisual1054,,brianstoolshed,,
nearbyrat,,jayqcal007,,
Gloomy-Tear3149,,Traditional_Road_247,,
Arm_chair_gawd,,ewmripley,,
Winkinsburst,,Mysterious_Grape5777,,
jbartlet827,,casanova0874,,
ExistingSelection151,,nickarmadillo,,
ZeusTroanDetected,,asapmoh,,
Basic_Bird_8843,,Nice_Aardvark1233,,
Eliashuer,,ashinaclan123,,
Feeling_Occasion_765,,EatGym,,
ThrowRALaidoffhelp1,,texanshouston,,
National-Coast-6381,,sspads,,
Dizzy_Estimate_1171,,AmazingSibylle,,
CloudWhizard,,kneekic,,
BFA_Artist,,Austin1975,,
__Hold_My_Poodle__,,JagaloonJack,,
Appropriate-Cup5378,,KeyCalifornia949,,
muffboye,,Notanoth3rusername,,
typicalwarrior27,,Significant_Wing_878,,
Ok-Entertainer982,,myeasyking,,
RinNyurii,,AdmirableHope5090,,
Adventurous_Air_2546,,Hoomehrkz,,
Master_Jackfruit3591,,Bonnaroo4Ever,,
Hoptlite,,wasnotherewas,,
Career-4-dummies,,lightsource2,,
iamthedanger11,,SnooWoofers7510,,
DowntownSunsets,,malayanchely,,
tennisfan0504,,I_hate_my_userid,,
Ok_General_7132,,Flat_Tour_584,,
TheMuse-CoachConnect,,A_Single_Annihilape,,
ThatOneTunisianKid,,Significant-Yak-475,,
ninedays82,,RoomTemperatureIQMan,,
eternallostcause,,ImwhatZitTooyaa,,
Questioner4lyfe2020,,TruthBot1787,,
No-Professional-1092,,fantamaso,,
savage_613,,men_like_me,,
RstarPhoneix,,Henry_OLoughlin,,
Iswhars,,AggressiveWasabi7783,,
DiversifyMN,,Secure-Perception-89,,
fan1983,,SeparateSpend1542,,
Individual-Wolf-9825,,ugr8,,
balesw,,Valuable_Radio4153,,
National-Ad8416,,Finance1071,,
MartiniBrodeur,,FitSnow3978,,
OtterSupport,,Tall_Explanation_393,,
acroman10,,SentenceSweaty8575,,
Jobsolv_RemoteJobs,,Dfiggsmeister,,
manny3118,,SebPineda23,,
Great_Profit_9770,,Majestic-Storm-9404,,
Dry_Argument_581,,Brichfield,,
sickntiredoffbs,,Numerous-Tonight4149,,
Introvertedcheesie,,sushiandcocktails,,
Bio8807,,LopsidedDataCat,,
Away_Pay_536,,maedoc_alastrine,,
9eo9raph,,Competitive-Feed-335,,
Latter-Put3896,,Groove_Mountains,,
AdventAnima,,sage6paths,,
plankingatavigil,,jessicalee149,,
Appropriate-Judge956,,Own_Offer_4825,,
Alternative_Gap_5062,,hunger4jobs,,
coonick,,viclin92,,
Craigs1ist,,Mental-Concert8608,,
totemp0le,,Visible_Voice_8131,,
throwaway80582737,,yougotlaidoff,,
Specific_egartistic,,Infinite-Fondant-200,,
purplegeod,,Ok_Bathroom_4289,,
jamro05,,Cutiekitty101,,
Shisui_Uchiha315,,Basic_Shoulder_8879,,
Any-Cry-7892,,Junior_Procedure9482,,
Reddit22549,,EchoInTheHoller,,
the-moon-changes,,RedditRoller1122,,
WolverineAsleep1765,,Black_Reactor,,
JHandey2021,,Strange-Assistant-32,,
workersright,,opwise,,
TruNorth556,,UtopiaNation,,
RonBourbondi,,Savings-Wallaby7392,,
Winter_Concert_4367,,jojoandthesprites,,
Additional_Jelly_817,,LetsTacoBoutScience,,
thermalblac,,NurkleTurkey,,
AddyArt10,,ManyBookkeeper7982,,
luvpillows,,MVickDeadDogs,,
Crazy_Negotiation_24,,November_Rayne,,
Trentwool,,eplate2,,
Glad-Path-662,,Temporary-Wolf3930,,
Acrobatic-Elk-9244,,greenee111,,
nsfwsideacc101,,Pitch-North,,
a_day_with_dave,,Equal_Deer_6802,,
ans97,,mommababy,,
FriskeCrisps,,LakeWaterWay,,
Agreeable-Tone-8337,,Reddit_Chandra,,
Mysterious_Plate1296,,Spirited_Equipment_2,,
ConstructionThick205,,Advanced_Half7617,,
bobagirllover,,epicap232,,
Expert-Calendar6362,,GreenDreams89,,
Mysterious_Name_408,,interwebzzz,,
swampwiz,,Character-Many-5562,,
bootybuddah,,lil_kolache,,
Quirky-Till-410,,shitisrealspecific,,
Iwantmoretime,,DontDoItBob,,
stevemdk,,hello010101,,
sugafish,,FederalArmadillo970,,
alisoncarey,,MaterialPeace6301,,
Chinaroos,,xCrashReboot,,
StickyDinosaurWalk,,Individual-Smell1023,,
Local_Yogurtcloset82,,Eyewanthappiness,,
Kitchen-Time207,,ZealousidealMonk6316,,
Puzzleheaded_Long_57,,aaaa23469,,
SaintPatrickMahomes,,Early-Effort-459,,
Bejaeler,,codeagencyblog,,
cari_chan,,super_ken_masters,,
Delicious_Adeptness9,,Ambitious-Command957,,
ADemonsAngel,,True-Deal-8819,,
scewing,,10marketing8,,
CakeDayOrDeath,,JobHuntingInTech,,
pur3extrme,,AmbitiousVisual5858,,
Volcano467,,shumaishrimp,,
Reverie-AI,,Other_Scarcity_4270,,
Temporary-Ice-9184,,Shemitz,,
xtahse,,total_cornerstone,,
BidenWSB2024,,,,
Puzzleheaded_Noise44,,,,
BleepBloopBleep1234,,,,
knuckboy,,,,
Bubbly_Surround_3637,,,,
ljabo313,,,,
Objective-Patient-37,,,,
rubiporto,,,,
Atkena2578,,,,
HugoR2001,,,,
ILLEGALFIRING,,,,
iiamuntuii,,,,
catsuramen,,,,
webbs3,,,,
Ok_Assignment6664,,,,
NoseRepresentative,,,,
City_Boys1997,,,,
lavender_photos,,,,
QuackersParty,,,,
Thund3rHors3,,,,
appliepie99,,,,
binghamjasper,,,,
whozzyurDaddy111,,,,
Gold-Temporary-3560,,,,
RdtRanger6969,,,,
DarthBanEvader42069,,,,
aseolith,,,,
Old-Marionberry7000,,,,
bozoclownputer,,,,
LeagueAggravating595,,,,
Chris40004,,,,
Snowing678,,,,
sugarintheboots,,,,
siegevjorn,,,,
ChezussCrust,,,,
LyraTheArtist,,,,
Powerful_Ad_740,,,,
Repulsive_Dust8691,,,,
salty_greek,,,,
Much_Bluejay_828,,,,
Important-Grocery710,,,,
jmdglss,,,,
thurd3y3,,,,
WoolenJester,,,,
Double-Dot8975,,,,
Any-Examination4695,,,,
Bubbly_Ad8170,,,,
MaxrkCaxt,,,,
Candid_Hair_5388,,,,
emilijaj,,,,
esporx,,,,
Practical-Ghost,,,,
carlanpsg,,,,
Writing_Legal,,,,
BuyTheDip_,,,,
CatieMacHogan,,,,
Better_Victory5721,,,,
Grand_Sprinkles_1792,,,,
yanks09champs,,,,
vessva11,,,,
Kindly-Culture-9987,,,,
Willing-Paper-4987,,,,
BowlerPossible400,,,,
Fabulous_Sherbet_431,,,,
AnyTechnology100,,,,
SyrupPutrid6312,,,,
ab183919,,,,
ScarletBrando,,,,
4everwhatevergender,,,,
Lonely_Reserve_188,,,,
brooklynlad,,,,
drinkrhythm,,,,
Nasha210,,,,
Due-Musician-4460,,,,
Mobile-Mountain8651,,,,
qishibe,,,,
mxg1984,,,,
mkuraja,,,,
CommunicationLong380,,,,
thinkB4WeSpeak,,,,
jerzey4life,,,,
Due-Background-6084,,,,
kromestatus,,,,
WeCameAsMuffins,,,,
squd_,,,,
throwaway_ghost_122,,,,
Rude-Paper2845,,,,
Anxious-Care-8870,,,,
InitialMouse4895,,,,
Dabasacka43,,,,
Mave__Dustaine,,,,
ScratchLongjumping,,,,
TardisTraveller24,,,,
Minnbrownbear,,,,
NeonFroggy_,,,,
North-Dragonfruit504,,,,
cuteee2shoes,,,,
Fragrant-Scar-5256,,,,
GregWilson23,,,,
gneissrocx,,,,
isntlifeapeach,,,,
Quarter_Lifer,,,,
Recent_Trifle_8159,,,,
actaexcellent,,,,
DirtyPerty,,,,
Lemonade2250,,,,
Ok_Echidna_4175,,,,
notthisagain0088,,,,
Vika2305,,,,
ControlCAD,,,,
mlepnotized,,,,
littleperfectionism,,,,
Serendipityyy,,,,
PhineasQuimby,,,,
LazySea4693,,,,
Thranduil-9,,,,
UnluckyWriting,,,,
Few-Ad-5185,,,,
SpecialistAd7211,,,,
Local-Consumer,,,,
Kaatsh_mobile,,,,
Agreeable-Object-439,,,,
Rkhand,,,,
stephg78240,,,,
so_sheek,,,,
Lonely-Law9924,,,,
Time-Concentrate845,,,,
SirTardOfRe,,,,
Peterhook13,,,,
Holiday_Campaign9141,,,,
Consistent-Pain-1290,,,,
Coastal_Goals,,,,
darah12,,,,
Wheream_I,,,,
No_Radio_5751,,,,
True_Helicopter9024,,,,
Huge_Manner7382,,,,
ZiRoRi,,,,
Fruit-Life,,,,
HappyEveryAllDay,,,,
Woodden-Floor,,,,
Main_Statistician681,,,,
kendall1287,,,,
Sufficient-Camera335,,,,
Seve_112,,,,
IcyChampion9750,,,,
-SpaghettiCat-,,,,
Original-Age-565,,,,
ShameFlat2690,,,,
IceNiqqa,,,,
JiantaoFu,,,,
iiPharaoh,,,,
we-could-be-heros,,,,
No_Shower_1272,,,,
MeasurementNo652,,,,
kiwi1325,,,,
destroyerodin,,,,
Far-Percentage8434,,,,
travelhunter00,,,,
Snarnsjfhro,,,,
wtf_over1,,,,
TyreeThaGod,,,,
Kevin-W,,,,
cappy267,,,,
CaseOdd9862,,,,
throwawaytransssssss,,,,
fed-throwaway69420,,,,
Separate-Lime5246,,,,
trensetter1,,,,
Responsible_Wealth92,,,,
Brown1004,,,,
Complete_Cup1533,,,,
Broad-Hunter-5044,,,,
rohitgupta010,,,,
coldcoffeeholic,,,,
cb-1090,,,,
Immediate-Peanut-346,,,,
sakariona,,,,
HereWe_GoAgain__,,,,
Physical-Positive-16,,,,
FoxEducational3951,,,,
noori_nutt,,,,
Senior_Log1930,,,,
Beneficial-Ad-497,,,,
TechnicianTypical600,,,,
Intelligent-Cat7242,,,,
External_Aioli_6104,,,,
Responsible-Pea3699,,,,
afantazy2,,,,
marybowes,,,,
CalStateQuarantine,,,,
pavemypathwithbones,,,,
Difficult_Box5009,,,,
jalbo13,,,,
go4bestDeals,,,,
YoDJPumpThisParty,,,,
Ok-Lavishness-8711,,,,
colerncandy,,,,
jeanxcobar,,,,
Dizzy_Masterpiece886,,,,
TheWallStreet_AI,,,,
throwaway534345435,,,,
Sea_Republic_856,,,,
Valdair,,,,
Fluffy-Echo8586,,,,
LogansBeastmaster,,,,
Musicislife21_,,,,
sgdxb_million,,,,
DaPurpleRT,,,,
Heavy_Can_6962,,,,
GameOver7000,,,,
Repulsive-Gap3399,,,,
LandMermaid17,,,,
nciscokid,,,,
WillingnessFeisty374,,,,
Waste-Toe3653,,,,
Safe-Beautiful6122,,,,
edi1801,,,,
Basic85,,,,
InternationalTie5585,,,,
MyJobflow,,,,
letsgetshwifty11,,,,
Ambitious_Key1124,,,,
Young_Hustlers,,,,
Optimal-Paper2881,,,,
alfredochickenpasta,,,,
interested0582,,,,
ExplanationDazzling1,,,,
lotteryticketwon,,,,
Limp_Long8973,,,,
RoleLanky8376,,,,
SnooCupcakes4908,,,,
Brave-Put-6572,,,,
Aggravating-Bike-397,,,,
Realistic_Post_7511,,,,
vag_pics_welcomed,,,,
holihai,,,,
Positive-Material,,,,
ForensicGuy666,,,,
bmich90,,,,
Boring_Pineapple_288,,,,
TelevisionFormal1739,,,,
Zealousideal-Cow6626,,,,
AutoModerator,,,,
Schwaby49,,,,
JustAposter4567,,,,
chrondotcom,,,,
vinaylovestotravel,,,,
Wise-Guard1720,,,,
Ok-Acanthaceae-1245,,,,
Organic_Primary_4521,,,,
BlogsDogsClogsBih,,,,
Rural-Camphost,,,,
brosophila,,,,
itsthewolfe,,,,
maxxor6868,,,,
LJ10ak11,,,,
pylangzu,,,,
gymfreakk,,,,
Appropriate-Art-9712,,,,
Front-Meat-1001,,,,
lovely_orchid_,,,,
Akashh23_pop,,,,
Master_Magazine_9882,,,,
Canyoubeliezeit,,,,
Lilacjasmines24,,,,
Agitated_Pudding7259,,,,
Remarkable_Victory51,,,,
BennyOcean,,,,
AlarmSuccessful7871,,,,
Competitive_Tale2921,,,,
DisastrousBar7,,,,
music4life6661,,,,
DatingAdviceGiver101,,,,
nikonista,,,,
Embarrassed-Knee-642,,,,
IndustryNext7456,,,,
Nice_Bluejay,,,,
QualityOverQuant,,,,
Acceptable-Form3810,,,,
rcmaehl,,,,
yourmomdotbiz,,,,
Unlucky_Pin7985,,,,
arkspiceoriginal,,,,
rpaul9578,,,,
Belgriest,,,,
Disastrous-Room-6441,,,,
Correct-Rent-6609,,,,
red_-eagle,,,,
True_Supermarket_263,,,,
Traveling_Rat_6543,,,,
Content-Grape47,,,,
AccidentialTechie,,,,
marcusesses,,,,
kloroxforkids88,,,,
Holiday_Session_8317,,,,
More_Kaleidoscope475,,,,
Grouchy-Leather371,,,,
FemAndFit,,,,
Goldengal124,,,,
grenz1,,,,
Apprehensive-Sand628,,,,
Witty_Introduction38,,,,
the__bakeshow,,,,
Midnightchickover,,,,
Lucky_Meringue2753,,,,
INOP_ai,,,,
copper678,,,,
Alive_Pear1246,,,,
strangestkiss,,,,
Elias691,,,,
leventask,,,,
Mozfel,,,,
SheepyTLDR,,,,
sufinomo,,,,
Wonderful_Cry_8401,,,,
imjusthereforPMstuff,,,,
Different-Cup5442,,,,
jayqcal007,,,,
Traditional_Road_247,,,,
MyNamesNotPrada,,,,
nickarmadillo,,,,
asapmoh,,,,
ashinaclan123,,,,
EatGym,,,,
kadiez,,,,
sspads,,,,
kneekic,,,,
JagaloonJack,,,,
Significant_Wing_878,,,,
Bonnaroo4Ever,,,,
Alliterative_Andrew,,,,
Particular-Kiwi5292,,,,
ofmonstersandmoops,,,,
Defiant-Cut-3037,,,,
malayanchely,,,,
LetsGetPhisycal,,,,
Flat_Tour_584,,,,
A_Single_Annihilape,,,,
Significant-Yak-475,,,,
ImwhatZitTooyaa,,,,
TruthBot1787,,,,
Similar-Trout,,,,
men_like_me,,,,
Henry_OLoughlin,,,,
Finance1071,,,,
FitSnow3978,,,,
SentenceSweaty8575,,,,
SeaRestaurant6519,,,,
Numerous-Tonight4149,,,,
Competitive-Feed-335,,,,
SockNo8917,,,,
sage6paths,,,,
jessicalee149,,,,
Own_Offer_4825,,,,
hunger4jobs,,,,
theworkeragency,,,,
LostInTheSpheres,,,,
Ok_Bathroom_4289,,,,
Infinite-Fondant-200,,,,
Overthetrees8,,,,
Scandinavianbeibe,,,,
Jyone21,,,,
Junior_Procedure9482,,,,
EchoInTheHoller,,,,
RedditRoller1122,,,,
Black_Reactor,,,,
Savings-Wallaby7392,,,,
Temporary-Wolf3930,,,,
NurkleTurkey,,,,
AudienceVarious3964,,,,
Plastic_Amount_7660,,,,
Pitch-North,,,,
greenee111,,,,
LakeWaterWay,,,,
Suki-Kygo,,,,
Terrible-Pride2307,,,,
Reddit_Chandra,,,,
lil_kolache,,,,
shitisrealspecific,,,,
FederalArmadillo970,,,,
Spiritual-Chart-940,,,,
Individual-Smell1023,,,,
Eyewanthappiness,,,,
govabee,,,,
BeachesAreOverrated,,,,
aaaa23469,,,,
Delicious-Resort-134,,,,
super_ken_masters,,,,
Ambitious-Command957,,,,
True-Deal-8819,,,,
Ok-Doughnut-6602,,,,
10marketing8,,,,
Majestic_Search_7851,,,,
JobHuntingInTech,,,,
AmbitiousVisual5858,,,,
Other_Scarcity_4270,,,,
