codes,count
Anticipation & job insecurity,1329
Frustration/Disappointment,533
Probationary targeting,425
Seeking legal advice,420
Solidarity and appreciation,403
Compliance Weaponization,365
Fear/Anxiety,351
Whistleblowing,330
Anger/Blame,270
Organizing boycott/protest,218
Personal exit strategy,195
Legal mobilization,171
Confusion/Surprise,161
Indifference/Humor,136
Financial insecurity,116
Resource-sharing,111
Career change,77
Disability penalties,75
Family struggle,60
Policy Gaslighting,56
Job-search friction,50
Self documentation,50
Professional identity collapse,31
Responsibility Obfuscation,25
Job search,22
Immigrant weaponization,6
Immigration limbo,1
