Flair,Month,Count
Misc Question,2025-01,2773
Misc Question,2025-02,1270
Misc Question,2025-03,2
Misc Question,2025-04,144
HR,2025-01,1284
HR,2025-02,511
HR,2025-04,30
:OPM_seal: Pay & Benefits,2025-01,1039
:OPM_seal: Pay & Benefits,2025-02,333
:OPM_seal: Pay & Benefits,2025-04,46
News / Article,2025-01,2048
News / Article,2025-02,1374
News / Article,2025-04,197
:StMayorkas_coin: Early Release | Time Off,2025-01,121
:StMayorkas_coin: Early Release | Time Off,2025-02,160
:StMayorkas_coin: Early Release | Time Off,2025-04,3
Announcement,2025-01,608
Announcement,2025-02,441
Announcement,2025-03,5
Announcement,2025-04,3
Budget,2025-01,81
Budget,2025-02,64
Budget,2025-04,3
,2025-01,14
,2025-02,19274
,2025-03,10878
,2025-04,5700
META,2025-01,554
META,2025-02,322
META,2025-04,8
Fed only,2025-02,45
Fed only,2025-03,21
Fed only,2025-04,8
🔒 ,2025-02,1
im a 🤡 ,2025-03,1
im an idiot that got shadowbanned for this post,2025-03,1
Use the MEGATHREAD next time please,2025-03,1
Daily Discussion Megathread,2025-03,1
idiot of the morning,2025-04,1
:Army_starmark: Verified News Organization  :Army_starmark:,2025-04,2
Unverified Org/Person,2025-04,1
